{"cameraMode":{"drawMode":0,"name":"Shaded","section":"Shading Mode"},"sceneLighting":true,"audioPlay":false,"sceneViewState":{"m_AlwaysRefresh":false,"showFog":true,"showSkybox":true,"showFlares":true,"showImageEffects":true,"showParticleSystems":true,"showVisualEffectGraphs":true,"m_FxEnabled":false},"in2DMode":false,"pivot":{"x":0.5384896993637085,"y":3.7758865356445314,"z":-6.9342732429504398},"rotation":{"x":0.1107441708445549,"y":-0.02235962264239788,"z":0.0024921626318246128,"w":0.9935943484306336},"size":2.0660252571105959,"orthographic":false}